lat,lon,precipitation_mm_day,wind_speed_ms,temperature_K,temperature_C
21.0,19.375,0.05085637363228062,5.951021,296.4662,23.316193
21.0,20.0,0.03279170114547032,6.1527143,296.2111,23.061096
21.0,20.625,0.03903356919165267,6.473846,296.5493,23.399292
21.0,21.25,0.038188897073269064,6.6210647,296.91696,23.766968
21.0,21.875,0.04310233804079252,6.774587,297.00623,23.856232
21.0,22.5,0.04195128660649061,6.823904,296.50882,23.358826
21.0,23.125,0.03628788612182249,6.5616775,296.22543,23.07544
21.0,23.75,0.05268903821706819,6.4915304,295.97632,22.826324
21.0,24.375,0.05161037850821563,6.165902,295.95093,22.800934
21.0,25.0,0.055733147077262395,5.959478,296.15466,23.00467
21.0,25.625,0.0507303342058963,6.1088586,295.8388,22.688812
21.0,26.25,0.04711837880313424,6.3617306,296.07706,22.927063
21.0,26.875,0.03638200436928094,6.1388726,296.09445,22.944458
21.0,27.5,0.04528497438877802,6.1586204,296.64633,23.496338
21.0,28.125,0.02467962232906851,6.445184,296.97192,23.82193
21.0,28.75,0.036214952357113715,6.8628955,297.47833,24.328339
21.0,29.375,0.0374527429555495,7.1694975,298.07297,24.922974
21.0,30.0,0.025871211662888468,7.4544954,299.0381,25.888092
21.0,30.625,0.0341882695782131,7.477804,299.8887,26.738708
21.0,31.25,0.05101741664111612,7.346527,299.87524,26.72525
21.0,31.875,0.04161210528036531,7.332848,299.3905,26.240509
21.0,32.5,0.06863494589924811,7.4474335,299.30936,26.159363
21.0,33.125,0.08766399860558242,7.141572,300.98996,27.839966
21.0,33.75,0.1287956647574893,6.948688,301.9826,28.832611
21.0,34.375,0.15944078662525896,6.7958283,301.36252,28.212524
21.0,35.0,0.16954721882939353,6.3468957,301.15976,28.009766
21.0,35.625,0.1516966187008102,5.6164045,301.74915,28.599152
21.0,36.25,0.18351174890994928,5.472104,301.10913,27.959137
21.0,36.875,0.11203683632863487,5.5428147,301.59155,28.441559
21.0,37.5,0.2233035899698734,6.2918983,301.67294,28.52295
21.0,38.125,0.26822530526185623,5.8882647,301.39713,28.247131
21.0,38.75,0.3026338070631028,5.7590714,301.59686,28.446869
21.0,39.375,0.2672730449374659,5.695759,303.06003,29.910034
21.5,19.375,0.05310094082282617,5.6487403,295.8144,22.664398
21.5,20.0,0.0410910509526729,5.910798,295.92346,22.773468
21.5,20.625,0.04001149000998713,6.216592,296.06503,22.91504
21.5,21.25,0.030838288366794652,6.3885517,296.55963,23.409637
21.5,21.875,0.042916271316125264,6.553726,296.6843,23.534302
21.5,22.5,0.0449330918490883,6.5868545,296.2904,23.140411
21.5,23.125,0.02686012449844778,6.460102,296.17157,23.021576
21.5,23.75,0.027645850554108765,6.328596,296.00534,22.855347
21.5,24.375,0.0358001724039085,5.9833803,296.48306,23.333069
21.5,25.0,0.038655125536024466,5.858248,296.48895,23.338959
21.5,25.625,0.023226575984832354,6.0242615,295.82108,22.671082
21.5,26.25,0.024068959057331113,6.0864806,295.342,22.192017
21.5,26.875,0.015692435547694013,5.9833245,296.06073,22.910736
21.5,27.5,0.025991220027208595,6.172708,296.72034,23.570343
21.5,28.125,0.027650807306176237,6.4075317,297.05447,23.90448
21.5,28.75,0.023174737580120577,6.702877,297.43445,24.284454
21.5,29.375,0.03224881394696989,6.983254,297.8828,24.732819
21.5,30.0,0.03288657544180734,7.367795,298.2657,25.115692
21.5,30.625,0.028946478209024504,7.459015,298.9788,25.828796
21.5,31.25,0.034678559750318486,7.012825,299.58377,26.433777
21.5,31.875,0.0453451625102104,6.944422,299.1879,26.037903
21.5,32.5,0.04998512938618671,7.090235,298.86325,25.713257
21.5,33.125,0.08730054208719293,6.897602,300.59113,27.441132
21.5,33.75,0.12124893441796342,6.8854866,301.24612,28.09613
21.5,34.375,0.15417866233921768,6.321486,300.94507,27.795074
21.5,35.0,0.15504636988043824,6.182302,300.63174,27.48175
21.5,35.625,0.1111352372396585,5.844281,301.5764,28.426392
21.5,36.25,0.16660860925912885,5.51383,301.0128,27.862793
21.5,36.875,0.08504507083437973,6.2911205,302.45343,29.303436
21.5,37.5,0.25567438080906946,6.5317206,301.24622,28.096222
21.5,38.125,0.24304261136783703,5.9693084,301.21286,28.062866
21.5,38.75,0.2507943809032434,5.657121,301.62747,28.477478
21.5,39.375,0.3111639317689946,5.581004,303.30093,30.15094
22.0,19.375,0.04611797117357755,5.5236397,294.36127,21.211273
22.0,20.0,0.0345992627553642,5.651806,295.8663,22.716309
22.0,20.625,0.03752658995706735,6.052739,295.73608,22.58609
22.0,21.25,0.026231944561004628,6.3264513,296.32565,23.17566
22.0,21.875,0.025385156343208374,6.4634066,296.3125,23.162506
22.0,22.5,0.02075084950774917,6.489982,296.17407,23.024078
22.0,23.125,0.018356159764655714,6.5064287,296.033,22.882996
22.0,23.75,0.01642452552914624,6.337514,295.99063,22.840637
22.0,24.375,0.014883534981192983,6.108239,296.32925,23.17926
22.0,25.0,0.03666064795106649,6.0885878,296.16003,23.01004
22.0,25.625,0.022303320564513875,6.120298,295.36917,22.219177
22.0,26.25,0.012438402511179456,5.922446,295.61655,22.466553
22.0,26.875,0.010538445554911725,6.094927,295.98,22.830017
22.0,27.5,0.010878645814955332,6.232406,296.68762,23.537628
22.0,28.125,0.014477478448261413,6.4543953,297.0106,23.860596
22.0,28.75,0.022237326949834966,6.6454577,297.3151,24.1651
22.0,29.375,0.03155320286014679,6.775863,297.8486,24.698608
22.0,30.0,0.03649107832461604,6.9138484,298.16092,25.010925
22.0,30.625,0.022292171997096124,7.037822,298.20743,25.057434
22.0,31.25,0.03763239644467827,6.827459,299.265,26.11502
22.0,31.875,0.03699004958067602,6.6212845,299.20636,26.056366
22.0,32.5,0.026943145319819596,6.633052,299.20544,26.05545
22.0,33.125,0.042439437891215806,6.719971,300.34787,27.197876
22.0,33.75,0.06891036219894939,6.473708,300.845,27.695007
22.0,34.375,0.07448235085650122,6.0948,301.13315,27.983154
22.0,35.0,0.10110237635672108,6.000217,300.05917,26.90918
22.0,35.625,0.14880892676483332,5.497336,299.55786,26.407867
22.0,36.25,0.08787666261196135,5.469408,300.53348,27.383484
22.0,36.875,0.10810091729291234,7.024645,301.46664,28.31665
22.0,37.5,0.21488140150904705,6.631594,300.9171,27.76712
22.0,38.125,0.21427346936379305,5.954574,301.06122,27.911224
22.0,38.75,0.2366185039281848,5.4643126,301.541,28.390991
22.0,39.375,0.24261910665184244,5.491272,303.37167,30.22168
22.5,19.375,0.055429049609192246,5.8444376,294.4836,21.333618
22.5,20.0,0.03068217076361151,5.5437136,295.72754,22.577545
22.5,20.625,0.018152602335958362,6.060952,295.54544,22.395447
22.5,21.25,0.01918578241020455,6.299369,295.8515,22.701508
22.5,21.875,0.01908154434546354,6.286309,295.97305,22.82306
22.5,22.5,0.012802321929484693,6.375386,295.78192,22.631927
22.5,23.125,0.0098718472840165,6.410576,295.63702,22.48703
22.5,23.75,0.020021240226924177,6.149214,295.5503,22.4003
22.5,24.375,0.014869013382566704,6.2375264,295.98846,22.83847
22.5,25.0,0.024205960799008545,6.272589,295.5463,22.396301
22.5,25.625,0.042265754546915876,6.1934237,294.69202,21.542023
22.5,26.25,0.017066694330423824,6.2836013,295.2799,22.129913
22.5,26.875,0.01059651812943859,6.092933,295.89615,22.746155
22.5,27.5,0.008097918122075557,6.379455,296.6358,23.48581
22.5,28.125,0.010710316763153765,6.5936913,296.93805,23.788055
22.5,28.75,0.008152081165462755,6.635255,297.36703,24.217041
22.5,29.375,0.018130672295276172,6.73118,297.88113,24.73114
22.5,30.0,0.020869086962193348,6.690203,298.51752,25.367523
22.5,30.625,0.021152625611855387,6.6904426,298.6171,25.467102
22.5,31.25,0.025101953186094622,6.6754394,299.10583,25.955841
22.5,31.875,0.03534183605098344,6.4865265,299.96237,26.812378
22.5,32.5,0.016003256430849322,6.4724293,299.89316,26.743164
22.5,33.125,0.031225338290958318,6.4990077,300.34998,27.199982
22.5,33.75,0.05508212745189656,6.5751915,301.0615,27.911499
22.5,34.375,0.03501915530716052,6.3724566,300.50586,27.355865
22.5,35.0,0.05704757571220445,5.5220838,299.5071,26.357117
22.5,35.625,0.0750293785673837,5.0276246,300.51932,27.369324
22.5,36.25,0.06231025233864763,5.5806723,300.7589,27.608917
22.5,36.875,0.18326513938735162,6.5105853,300.5809,27.430908
22.5,37.5,0.15880911797285135,6.4331284,300.67886,27.52887
22.5,38.125,0.22173912411720087,5.8898115,300.94568,27.795685
22.5,38.75,0.37427993118762715,5.298896,301.58145,28.431458
22.5,39.375,0.22943858731408007,5.3079414,303.26657,30.116577
23.0,19.375,0.030798301614682368,6.2915277,295.16458,22.014587
23.0,20.0,0.02722316561266784,5.7847505,295.69116,22.541168
23.0,20.625,0.01159072453070318,5.995268,295.44107,22.291077
23.0,21.25,0.012943924870342126,6.1492352,295.7955,22.645508
23.0,21.875,0.01387018121020068,6.3594813,295.91797,22.767975
23.0,22.5,0.012202987214550333,6.2269473,295.66818,22.518188
23.0,23.125,0.010877755562393395,6.154381,295.41092,22.260925
23.0,23.75,0.013920276891440018,6.070342,295.6892,22.539215
23.0,24.375,0.011731449411483751,6.2035155,295.73984,22.589844
23.0,25.0,0.01362291118130093,5.996854,295.22516,22.075165
23.0,25.625,0.028262741556934323,6.425566,295.16348,22.013489
23.0,26.25,0.017730811610817947,6.5510716,294.59818,21.448181
23.0,26.875,0.007609032718923353,6.602716,296.06274,22.91275
23.0,27.5,0.008169073727913239,6.83456,296.35144,23.201447
23.0,28.125,0.011158141351461906,6.8248315,296.8491,23.699097
23.0,28.75,0.005222316365689062,6.820616,297.38052,24.23053
23.0,29.375,0.011012108011879728,6.879029,297.8378,24.687805
23.0,30.0,0.013627866981550992,6.8709183,298.4809,25.330902
23.0,30.625,0.07554785053227704,6.8169847,298.8072,25.657196
23.0,31.25,0.1311129927635168,6.778362,299.50092,26.350922
23.0,31.875,0.01656399711124664,6.8944244,299.3585,26.208496
23.0,32.5,0.02108503226190802,6.665659,299.65768,26.50769
23.0,33.125,0.025714875671400926,6.601191,300.51163,27.361633
23.0,33.75,0.026539932005107444,6.7601047,299.7377,26.587708
23.0,34.375,0.029940556020081548,6.128926,299.4075,26.257507
23.0,35.0,0.040931391995400385,5.2892647,300.70184,27.55185
23.0,35.625,0.06966328810337029,5.3358493,301.18332,28.033325
23.0,36.25,0.13983290269971035,5.821605,300.24783,27.09784
23.0,36.875,0.15005149531746326,6.2277765,300.34958,27.199585
23.0,37.5,0.19550233334302963,6.332035,300.60083,27.450836
23.0,38.125,0.27230786527474066,5.9049335,300.89905,27.749054
23.0,38.75,0.3058977574110036,5.219862,301.9656,28.815613
23.0,39.375,0.2568927822951118,5.2207584,303.0184,29.868408
23.5,19.375,0.0266091369070117,6.740966,295.9343,22.784302
23.5,20.0,0.01817792328074577,6.1295705,295.55768,22.407684
23.5,20.625,0.014551643700887344,5.975429,295.63712,22.487122
23.5,21.25,0.0140222315676509,6.265895,295.67566,22.525665
23.5,21.875,0.016536923409095787,6.334483,295.26947,22.119476
23.5,22.5,0.0167346359230578,6.1021934,295.43768,22.28769
23.5,23.125,0.01442261124284483,5.98199,295.4656,22.315613
23.5,23.75,0.012334324419498402,6.066478,295.60187,22.451874
23.5,24.375,0.01634839107990786,6.0969276,295.8213,22.671295
23.5,25.0,0.021873760502785305,6.2967396,295.88486,22.734863
23.5,25.625,0.025162480824814402,6.822213,294.60834,21.458344
23.5,26.25,0.012854007072746927,6.53835,293.42758,20.277588
23.5,26.875,0.005947321081985343,6.7376266,294.9313,21.781311
23.5,27.5,0.005582696059718732,6.8926444,295.63345,22.48346
23.5,28.125,0.0071819276461810265,6.9788384,296.43613,23.286133
23.5,28.75,0.0039995750412344915,7.009274,297.1647,24.01471
23.5,29.375,0.006424879924629862,7.1308455,297.55545,24.405457
23.5,30.0,0.017590979579836352,7.071506,298.2118,25.061798
23.5,30.625,0.39737032568859976,7.0095057,298.48953,25.339539
23.5,31.25,0.018397054634988492,7.1304193,298.4889,25.338898
23.5,31.875,0.01797312866511192,7.256105,298.27463,25.124634
23.5,32.5,0.06635089032351833,6.8459225,299.47156,26.321564
23.5,33.125,0.017375033095034253,6.6615753,300.1299,26.97992
23.5,33.75,0.017970121465623445,6.384132,299.20148,26.051483
23.5,34.375,0.017260381203957082,5.857432,299.90762,26.75763
23.5,35.0,0.06109919026493925,5.8493514,300.646,27.496002
23.5,35.625,0.08539364785268665,6.173061,300.7898,27.639801
23.5,36.25,0.11600750312209158,6.3630624,300.09955,26.949554
23.5,36.875,0.12610290018575512,6.5500526,300.2689,27.118896
23.5,37.5,0.2177067361772067,6.6136403,300.61615,27.466156
23.5,38.125,0.3141687125769024,5.8611574,301.0059,27.855896
23.5,38.75,0.25047860294580354,4.8495407,302.1845,29.034515
23.5,39.375,0.3671286891735888,5.1848326,300.774,27.623993
24.0,19.375,0.02217608302529042,6.832559,295.91663,22.766632
24.0,20.0,0.025024779606610474,6.2002835,295.1511,22.001099
24.0,20.625,0.016578151922601196,5.9391127,295.52335,22.373352
24.0,21.25,0.010201076045632404,5.941861,295.08456,21.93457
24.0,21.875,0.015580039747405976,5.9733005,294.90536,21.755371
24.0,22.5,0.016159374034032316,6.004815,295.15656,22.006561
24.0,23.125,0.017041383550853075,5.874768,295.63245,22.482452
24.0,23.75,0.013178277760744116,5.954654,295.6932,22.543213
24.0,24.375,0.01731645562656085,6.0904546,295.88248,22.732483
24.0,25.0,0.018305720528587727,6.7059436,295.69144,22.541443
24.0,25.625,0.013825537031140814,6.3659797,293.80664,20.656647
24.0,26.25,0.00960775977000593,6.015489,293.00238,19.852386
24.0,26.875,0.00499593141711591,6.5305924,294.20734,21.057343
24.0,27.5,0.004411993781104689,6.8453097,295.34528,22.195282
24.0,28.125,0.005464997010706038,7.008791,295.97964,22.82965
24.0,28.75,0.007325119804590991,7.0458074,296.76944,23.619446
24.0,29.375,0.0038710675239409156,7.173914,296.99588,23.845886
24.0,30.0,0.007726918207481549,7.114499,297.65274,24.502747
24.0,30.625,0.01292728228887758,6.839217,297.78906,24.639069
24.0,31.25,0.011574624106287977,7.1263013,297.43378,24.283783
24.0,31.875,0.020505344383533766,7.1870975,297.13608,23.986084
24.0,32.5,0.021524000912904705,6.867677,298.87686,25.726868
24.0,33.125,0.019303512656054095,6.356371,299.61536,26.465363
24.0,33.75,0.011978900991380164,6.249803,299.88165,26.731659
24.0,34.375,0.01711872208180678,6.210865,300.17526,27.025269
24.0,35.0,0.02914259303361172,6.1673636,299.4321,26.282104
24.0,35.625,0.08207198661215115,6.876481,300.50418,27.354187
24.0,36.25,0.1306372098624695,6.7048883,299.9584,26.80841
24.0,36.875,0.0988825074796876,6.7511826,300.15665,27.006653
24.0,37.5,0.1905271112918871,6.7377653,301.11118,27.961182
24.0,38.125,0.19226161036445058,5.373989,302.4651,29.315094
24.0,38.75,0.2569109350442884,5.240089,302.0457,28.89569
24.0,39.375,0.32876180734498905,5.460725,299.67007,26.52008
24.5,19.375,0.015447289366396992,6.411054,295.2011,22.051117
24.5,20.0,0.013552463380619918,6.0152497,294.90192,21.751923
24.5,20.625,0.010820051873415708,5.804144,295.10205,21.952057
24.5,21.25,0.008664683904498854,5.6249113,295.36917,22.219177
24.5,21.875,0.01166826398429055,5.7161446,295.20438,22.054382
24.5,22.5,0.01274391030892753,5.883223,295.27148,22.12149
24.5,23.125,0.01947077640832085,5.965013,295.73444,22.584442
24.5,23.75,0.015718634705990584,5.981357,295.93994,22.789948
24.5,24.375,0.013458470810297477,6.0716863,295.9744,22.824402
24.5,25.0,0.015615264652296838,6.3392496,295.2393,22.089294
24.5,25.625,0.011005023894583358,5.7917905,294.25543,21.105438
24.5,26.25,0.006191588472574976,5.7917333,293.5516,20.401611
24.5,26.875,0.004467219137356168,6.3142076,293.71402,20.564026
24.5,27.5,0.0034742281422950384,6.670702,294.6822,21.532196
24.5,28.125,0.004587934608567234,6.8680754,295.6272,22.477203
24.5,28.75,0.0048385725822299675,7.030754,296.33694,23.18695
24.5,29.375,0.004642806164220629,7.056716,296.39032,23.240326
24.5,30.0,0.00587935408111662,6.837269,297.29572,24.145721
24.5,30.625,0.007436103885660355,6.637237,297.76596,24.615967
24.5,31.25,0.010244972538203051,7.073813,296.7059,23.555908
24.5,31.875,0.013074554248484142,7.197995,296.65842,23.508423
24.5,32.5,0.055360026191918196,6.9736943,298.33817,25.188171
24.5,33.125,0.01589705849898754,6.3186116,299.91507,26.765076
24.5,33.75,0.019008778966963232,6.4504538,300.1224,26.972412
24.5,34.375,0.021103277201823846,6.337134,299.42972,26.279724
24.5,35.0,0.04255416197702319,6.031376,299.34647,26.196472
24.5,35.625,0.09950274120594921,6.774708,299.6351,26.485107
24.5,36.25,0.1088275238871568,6.5926695,299.79282,26.642822
24.5,36.875,0.176157108520521,6.565794,300.05438,26.904388
24.5,37.5,0.17261257395148183,6.57381,300.91196,27.761963
24.5,38.125,0.20478686219763004,5.3596416,301.26596,28.115967
24.5,38.75,0.31910930573940355,5.5351405,300.9918,27.841797
24.5,39.375,0.36389186371948473,5.9283605,300.14697,26.996979
25.0,19.375,0.016852167577489145,6.0408125,295.16455,22.014557
25.0,20.0,0.0109250207897275,5.8294005,294.96362,21.81363
25.0,20.625,0.012064216445897148,5.6843553,295.0461,21.896118
25.0,21.25,0.012357688508927808,5.625947,295.29324,22.14325
25.0,21.875,0.010440924857445924,5.6542015,295.3547,22.204712
25.0,22.5,0.009242777945473783,5.8189445,295.39395,22.243958
25.0,23.125,0.011286291904438044,6.091292,295.56784,22.417847
25.0,23.75,0.012762673199176816,6.004524,295.64587,22.49588
25.0,24.375,0.010112930691115997,5.9337273,295.77823,22.628235
25.0,25.0,0.012302463641390255,5.9781346,295.21793,22.067932
25.0,25.625,0.00935747512499171,5.6341944,294.49585,21.345856
25.0,26.25,0.006727555766701696,5.7043095,293.91092,20.760925
25.0,26.875,0.006397266587007546,5.9988513,293.95206,20.802063
25.0,27.5,0.00490477192215619,6.376354,294.76633,21.616333
25.0,28.125,0.0044073927942740974,6.5665894,295.5599,22.409912
25.0,28.75,0.004849192686378915,6.5069604,296.01437,22.86438
25.0,29.375,0.00502035404286934,6.6952143,296.64224,23.492249
25.0,30.0,0.0073891954962164025,7.006991,297.45728,24.307281
25.0,30.625,0.006756586383109767,6.7212477,297.69403,24.544037
25.0,31.25,0.011211413424462082,7.1044374,296.18057,23.030579
25.0,31.875,0.013272617169051815,7.158949,296.13132,22.981323
25.0,32.5,0.020308339502662396,7.072667,298.02713,24.877136
25.0,33.125,0.02492742289469458,6.5561314,299.38232,26.23233
25.0,33.75,0.017358396202325783,6.6009283,299.5036,26.353607
25.0,34.375,0.027773355701115793,6.2770667,298.49857,25.348572
25.0,35.0,0.06356626935303238,6.498357,299.46786,26.317871
25.0,35.625,0.06099561602587709,6.7566776,299.3723,26.22232
25.0,36.25,0.08654630184173608,6.3802977,299.67078,26.520782
25.0,36.875,0.15475161669222795,6.04759,300.0612,26.911194
25.0,37.5,0.1431453526020053,5.7049985,299.9125,26.762512
25.0,38.125,0.2355297599568322,5.6338825,299.47266,26.322662
25.0,38.75,0.2893946468830119,5.4844327,299.86896,26.718964
25.0,39.375,0.25404250790105193,6.253627,299.66077,26.510773
25.5,19.375,0.016110001065021553,5.9042625,295.35135,22.201355
25.5,20.0,0.0186717635951935,5.76155,295.24295,22.092957
25.5,20.625,0.014548108406478135,5.6684566,295.27722,22.127228
25.5,21.25,0.020077880471944868,5.6626415,295.4483,22.29831
25.5,21.875,0.013394215750005666,5.6678896,295.53497,22.38498
25.5,22.5,0.012595581589266611,5.799355,295.5699,22.419891
25.5,23.125,0.012757896987158594,6.0389266,295.3762,22.226196
25.5,23.75,0.011823845561593752,5.9484367,295.82425,22.674255
25.5,24.375,0.010375249671296733,5.8904123,295.7257,22.575714
25.5,25.0,0.012751344591379197,5.784077,295.20395,22.053955
25.5,25.625,0.013427309133616951,5.54196,294.41797,21.267975
25.5,26.25,0.009396771434694504,5.612515,294.1868,21.036804
25.5,26.875,0.007099980072633715,5.850739,294.41046,21.260468
25.5,27.5,0.006452491972595465,6.1541524,294.91898,21.768982
25.5,28.125,0.006082907072960016,6.265728,295.89777,22.747772
25.5,28.75,0.00469980179332198,6.333487,296.25403,23.104034
25.5,29.375,0.0055867613415141425,6.837098,295.66904,22.519043
25.5,30.0,0.008225006749853523,7.2520504,295.75867,22.608673
25.5,30.625,0.009370758072396167,6.9463625,296.89938,23.74939
25.5,31.25,0.009911498054861991,7.000923,295.2808,22.130798
25.5,31.875,0.013685212071960424,6.8962793,295.91318,22.763184
25.5,32.5,0.023214032407850055,6.6498423,297.85977,24.709778
25.5,33.125,0.028028913182793536,6.1970134,298.31128,25.161285
25.5,33.75,0.0213353149592878,6.406272,298.70743,25.557434
25.5,34.375,0.037809380515770576,6.2110667,298.5939,25.443909
25.5,35.0,0.07977626472711599,6.799518,299.18378,26.033783
25.5,35.625,0.11775080082416199,6.697285,299.2791,26.12912
25.5,36.25,0.13930543512106022,6.2445936,299.6297,26.479706
25.5,36.875,0.12651818823165303,5.7870965,300.6299,27.47992
25.5,37.5,0.15477767586708038,5.740671,300.4042,27.254211
25.5,38.125,0.20379845569339763,5.4903407,300.63855,27.488556
25.5,38.75,0.18119158595800408,5.528034,301.18774,28.03775
25.5,39.375,0.24200260521271755,6.4244795,299.7878,26.637817
26.0,19.375,0.023088368550922733,5.891336,295.48892,22.338928
26.0,20.0,0.02265257760882384,5.838423,295.305,22.154999
26.0,20.625,0.017478408398356945,5.7698927,295.55585,22.405853
26.0,21.25,0.02052747085690496,5.710833,295.66287,22.512878
26.0,21.875,0.017715592029282905,5.6688848,295.64664,22.496643
26.0,22.5,0.01956386212259522,5.735634,295.59183,22.441833
26.0,23.125,0.01726069466911968,5.8994775,295.27014,22.120148
26.0,23.75,0.020697394385933744,5.961731,295.45178,22.301788
26.0,24.375,0.021703111309682367,5.8782096,295.7809,22.63092
26.0,25.0,0.017910294234752506,5.586464,295.24457,22.094574
26.0,25.625,0.010763586125523564,5.4477453,294.53452,21.384521
26.0,26.25,0.010519682429730904,5.5595217,294.47964,21.32965
26.0,26.875,0.008811421023104803,5.8629045,294.78918,21.63919
26.0,27.5,0.006527895689941925,6.035133,295.28354,22.133545
26.0,28.125,0.007795070543103535,6.296084,295.65897,22.508972
26.0,28.75,0.007663551252335265,6.259043,295.32162,22.17163
26.0,29.375,0.005671723960985859,6.437328,295.0089,21.858917
26.0,30.0,0.008245893404819089,6.801696,294.947,21.796997
26.0,30.625,0.008866828592762766,6.903141,295.4451,22.295105
26.0,31.25,0.009083828888833568,6.877281,295.2117,22.061707
26.0,31.875,0.015766066348153373,6.5810866,296.84796,23.697968
26.0,32.5,0.028874610085040338,6.346694,298.21783,25.06784
26.0,33.125,0.029013378412951138,6.0737567,299.16104,26.011047
26.0,33.75,0.041112290695309674,6.1156898,298.39053,25.24054
26.0,34.375,0.03477296786322028,6.5722547,299.37744,26.227448
26.0,35.0,0.06670737639069582,7.052722,298.98682,25.836823
26.0,35.625,0.08122291542147739,6.491419,299.27075,26.120758
26.0,36.25,0.12130486965179357,5.8903904,299.8767,26.726715
26.0,36.875,0.12385685347715518,5.7773542,301.5994,28.449402
26.0,37.5,0.1640746220946303,6.1547194,299.4445,26.294495
26.0,38.125,0.15926187461497496,5.786814,300.3373,27.187317
26.0,38.75,0.177098549902439,6.1470084,299.10382,25.953827
26.0,39.375,0.24081240742460755,6.451877,298.9024,25.75241
26.5,19.375,0.04555245040218658,5.934401,295.33832,22.188324
26.5,20.0,0.03876911662518977,5.8939805,295.19724,22.047241
26.5,20.625,0.02418330142901158,5.895946,295.67538,22.52539
26.5,21.25,0.026343103498220288,5.816699,295.97333,22.823334
26.5,21.875,0.03025135030089363,5.7307663,295.86334,22.713348
26.5,22.5,0.03068819036707289,5.7098455,295.65906,22.509064
26.5,23.125,0.03023488054480765,5.735836,295.30963,22.159637
26.5,23.75,0.0218181814998387,5.8337293,295.2771,22.127106
26.5,24.375,0.023399355720148323,5.7725368,295.55176,22.401764
26.5,25.0,0.019248087890446245,5.531852,295.14914,21.999146
26.5,25.625,0.023018802299305488,5.398899,294.76477,21.614777
26.5,26.25,0.018159161321818773,5.594258,294.62994,21.47995
26.5,26.875,0.016386823155097173,5.8209763,294.759,21.609009
26.5,27.5,0.015283205313608026,5.961128,295.18546,22.035461
26.5,28.125,0.014188967244459233,6.005575,295.47458,22.324585
26.5,28.75,0.007800197927281214,6.09299,295.41595,22.26596
26.5,29.375,0.010898643255557875,6.4685464,294.99072,21.840729
26.5,30.0,0.012541064526885665,6.585891,294.9402,21.790192
26.5,30.625,0.0076945335680322045,6.759555,295.26773,22.117737
26.5,31.25,0.013130133040249237,6.748392,295.60742,22.457428
26.5,31.875,0.04770501354550126,6.7670755,297.7123,24.562317
26.5,32.5,0.03964316006749904,6.809526,297.17752,24.027527
26.5,33.125,0.029344910479820366,6.442072,298.01794,24.86795
26.5,33.75,0.032741432078182496,6.320459,298.29276,25.142761
26.5,34.375,0.06286541150221027,7.452963,298.91022,25.760223
26.5,35.0,0.08013416640460433,7.3204923,298.98346,25.833466
26.5,35.625,0.08975920157321192,6.21537,299.2847,26.134705
26.5,36.25,0.08352095261216143,5.4450254,300.15607,27.006073
26.5,36.875,0.18318707470519446,5.7510786,300.63345,27.48346
26.5,37.5,0.22884451225400002,6.2882404,296.70053,23.550537
26.5,38.125,0.2169143202643389,6.1645255,298.23398,25.083984
26.5,38.75,0.15975572913885228,6.4288154,296.154,23.003998
26.5,39.375,0.20333684777488323,6.4049683,295.64883,22.49884
27.0,19.375,0.07855659994978194,5.9331617,294.9637,21.81372
27.0,20.0,0.04987857583910193,5.929588,294.92636,21.776367
27.0,20.625,0.03543721009075295,5.975647,295.49686,22.346863
27.0,21.25,0.04237467981874905,5.9643626,296.16483,23.014832
27.0,21.875,0.05132753360555993,5.8485913,296.15494,23.004944
27.0,22.5,0.04400771670043445,5.7432513,295.65195,22.501953
27.0,23.125,0.05067795942070097,5.6842084,295.2479,22.0979
27.0,23.75,0.03432880155742169,5.756776,295.28467,22.134674
27.0,24.375,0.03348308517857752,5.756336,295.38916,22.239166
27.0,25.0,0.025332057848572592,5.639432,295.2409,22.090912
27.0,25.625,0.0424285519983556,5.526126,294.8397,21.689697
27.0,26.25,0.027161568403243814,5.606284,294.52783,21.377838
27.0,26.875,0.021012468500578477,5.7153378,294.95175,21.801758
27.0,27.5,0.0167788867838681,5.920293,295.04416,21.894165
27.0,28.125,0.019401376836257426,5.8668404,295.6532,22.503204
27.0,28.75,0.024019398726522864,6.186024,295.46793,22.317932
27.0,29.375,0.018902043763891114,6.4432073,295.01273,21.862732
27.0,30.0,0.022434862330555846,6.356923,295.09766,21.947662
27.0,30.625,0.02573933841832524,6.469181,295.38513,22.235138
27.0,31.25,0.028761682100593683,6.3950195,296.88876,23.73877
27.0,31.875,0.07089835129958794,6.944132,295.67233,22.522339
27.0,32.5,0.03774709533900011,6.871801,296.11536,22.965363
27.0,33.125,0.036488071591338614,6.251944,296.46265,23.312653
27.0,33.75,0.06047365814447372,7.2264853,297.70737,24.557373
27.0,34.375,0.11258306096988427,7.8839755,298.8243,25.674316
27.0,35.0,0.10524249449372294,7.046609,299.09137,25.941376
27.0,35.625,0.08122273940872174,5.5431128,299.657,26.507019
27.0,36.25,0.13242495059967024,5.2395935,300.28256,27.132568
27.0,36.875,0.18756141315405941,5.931251,297.2555,24.1055
27.0,37.5,0.20576075837016117,6.390284,294.58182,21.431824
27.0,38.125,0.18034033477078995,6.0552273,295.36154,22.211548
27.0,38.75,0.1413062885403633,6.048849,295.10474,21.954742
27.0,39.375,0.16402411292481714,6.058316,294.9338,21.783813
27.5,19.375,0.0695458377082241,6.0007415,294.69516,21.545166
27.5,20.0,0.056022372096777184,5.9494176,294.6821,21.532104
27.5,20.625,0.05028992486065777,6.0441628,295.37125,22.221252
27.5,21.25,0.09532851725816552,6.0904326,296.0713,22.921295
27.5,21.875,0.11025976310300421,5.9688144,296.1741,23.024109
27.5,22.5,0.08463607728481296,5.8041515,295.62625,22.476257
27.5,23.125,0.06339457671089686,5.7100234,295.26126,22.111267
27.5,23.75,0.04271948523819451,5.753866,295.3338,22.183807
27.5,24.375,0.039678751075610606,5.765708,295.4116,22.261597
27.5,25.0,0.03759274911135421,5.696504,295.2175,22.067505
27.5,25.625,0.03959364190118381,5.608287,294.71588,21.565887
27.5,26.25,0.03478476405143722,5.6062016,294.8611,21.71112
27.5,26.875,0.026926522076216812,5.72779,295.04276,21.892761
27.5,27.5,0.019932384137064184,5.938796,294.82394,21.67395
27.5,28.125,0.026361335926811665,6.0955815,295.21085,22.060852
27.5,28.75,0.032685499638319,6.363375,294.73764,21.587646
27.5,29.375,0.027264949347886386,6.395388,294.92383,21.773834
27.5,30.0,0.026076889596879343,6.253948,295.39987,22.249878
27.5,30.625,0.03596803381003524,6.3462195,296.04016,22.890167
27.5,31.25,0.056731095537544386,6.5046535,296.18124,23.03125
27.5,31.875,0.042128309954533906,6.8142385,294.9855,21.83551
27.5,32.5,0.03828801959753029,6.87794,295.20898,22.05899
27.5,33.125,0.06252046401235713,6.718714,296.29663,23.146637
27.5,33.75,0.07571509480476368,8.263914,298.51297,25.362976
27.5,34.375,0.10805697828892194,6.8765306,299.1947,26.044708
27.5,35.0,0.12212900072336202,6.295949,299.54025,26.390259
27.5,35.625,0.09875538540226325,4.8135757,300.40234,27.25235
27.5,36.25,0.1283588185906407,5.7537656,297.91962,24.769623
27.5,36.875,0.20620166329699308,6.220862,293.06863,19.91864
27.5,37.5,0.18132185935974177,6.1746006,294.49557,21.345581
27.5,38.125,0.19231655785635327,5.7873735,295.11108,21.96109
27.5,38.75,0.14485555887222265,5.6718383,295.05038,21.90039
27.5,39.375,0.1627883841512589,5.8406777,294.60034,21.450348
28.0,19.375,0.057044742316933926,6.0360765,294.59506,21.445068
28.0,20.0,0.04960315674543388,6.0359335,294.6951,21.545105
28.0,20.625,0.07556025476437703,6.182501,295.23032,22.080322
28.0,21.25,0.20341828465461942,6.1859756,295.87836,22.728363
28.0,21.875,0.22581299879682498,6.0437703,295.96313,22.81314
28.0,22.5,0.08287206105887929,5.8692913,295.4689,22.318909
28.0,23.125,0.06081353665998612,5.7742844,295.13632,21.986328
28.0,23.75,0.04593882709741589,5.7496514,295.12766,21.977661
28.0,24.375,0.04074129697406018,5.7233095,295.09073,21.940735
28.0,25.0,0.04517452511936414,5.6725516,294.91922,21.769226
28.0,25.625,0.05759170414772768,5.651246,294.72916,21.579163
28.0,26.25,0.03696190752089022,5.6796336,294.81213,21.66214
28.0,26.875,0.03620823883668435,5.7647004,294.76364,21.613647
28.0,27.5,0.027696119155734687,5.906511,294.73782,21.58783
28.0,28.125,0.03505202967552532,6.1581435,294.71024,21.560242
28.0,28.75,0.025712261907756512,6.217803,294.85806,21.708069
28.0,29.375,0.022431147292852668,6.2883053,294.96228,21.812286
28.0,30.0,0.025886788498610338,6.346952,295.61917,22.469177
28.0,30.625,0.03918933238606866,6.3765497,296.1507,23.000702
28.0,31.25,0.04740795679390458,6.444912,295.58038,22.43039
28.0,31.875,0.0459524367039664,6.711176,294.38275,21.232758
28.0,32.5,0.0489121330901979,6.9612184,294.1015,20.951508
28.0,33.125,0.07593011815962737,8.329473,296.91724,23.767242
28.0,33.75,0.08850396424531928,7.337191,297.88367,24.733673
28.0,34.375,0.10816441222587743,6.164868,299.7075,26.557495
28.0,35.0,0.11169994063675429,6.2930613,300.12738,26.977386
28.0,35.625,0.15641205290784746,5.437214,297.4186,24.268616
28.0,36.25,0.16417940706014705,5.9765925,294.80762,21.657623
28.0,36.875,0.17651633061703165,5.9632726,294.88776,21.737762
28.0,37.5,0.14857971668243444,5.950433,295.05795,21.907959
28.0,38.125,0.1522061804596896,5.8012986,295.4773,22.327301
28.0,38.75,0.17602378129959087,5.654462,295.522,22.37201
28.0,39.375,0.1781753971965263,5.8141747,294.43298,21.28299
28.5,19.375,0.07421604245582776,6.0264297,294.5704,21.42041
28.5,20.0,0.08397408574819522,6.1501875,294.57678,21.426788
28.5,20.625,0.07711091618014708,6.2183867,295.03757,21.887573
28.5,21.25,0.10083545744419085,6.200091,295.50952,22.359528
28.5,21.875,0.1377132077138656,6.0538588,295.6968,22.546814
28.5,22.5,0.08055897429585478,5.922078,295.06824,21.918243
28.5,23.125,0.06985818770240136,5.811949,294.83932,21.689331
28.5,23.75,0.0596665237098928,5.7039175,294.82257,21.672577
28.5,24.375,0.05765045938716378,5.6375628,294.81027,21.660278
28.5,25.0,0.06951960921287523,5.6227064,294.70544,21.55545
28.5,25.625,0.055627324415521866,5.6409025,294.6848,21.53482
28.5,26.25,0.04971042089164218,5.6365433,294.76013,21.610138
28.5,26.875,0.054880681324885563,5.587307,294.78885,21.638855
28.5,27.5,0.060029381886124306,5.696451,294.72375,21.573761
28.5,28.125,0.044297634778931304,5.9971857,294.24286,21.092865
28.5,28.75,0.03866326808929446,6.185941,294.65488,21.504883
28.5,29.375,0.02826165555155447,6.3239474,294.96707,21.817078
28.5,30.0,0.02975750388577561,6.482876,295.30353,22.153534
28.5,30.625,0.041671286757912325,6.353839,295.8683,22.718292
28.5,31.25,0.061187339946627284,6.2958055,295.65393,22.503937
28.5,31.875,0.06213822913652346,6.387265,293.85312,20.703125
28.5,32.5,0.08934579230844872,6.9365106,293.76498,20.61499
28.5,33.125,0.09196082644794099,7.8256845,297.2292,24.079193
28.5,33.75,0.1083644814789291,5.982492,293.8256,20.675598
28.5,34.375,0.1284606053574025,6.6557746,296.7139,23.563904
28.5,35.0,0.13174242153763766,6.618811,297.42197,24.271973
28.5,35.625,0.18393361244337147,5.9339323,293.0539,19.9039
28.5,36.25,0.14497521519660916,5.584281,294.4299,21.279907
28.5,36.875,0.1450366853653033,5.79469,295.2916,22.141602
28.5,37.5,0.15533665567636545,5.9083614,294.8477,21.697693
28.5,38.125,0.1612030844105896,5.8883367,294.70847,21.558472
28.5,38.75,0.17887637764215428,5.7119513,295.19427,22.044281
28.5,39.375,0.19229489217107135,5.7779803,294.72748,21.577484
29.0,19.375,0.09585209545284155,6.0571485,294.4555,21.305511
29.0,20.0,0.08777754008769953,6.125651,294.56882,21.418823
29.0,20.625,0.09679043936862124,6.197797,295.11496,21.964966
29.0,21.25,0.1516347974538808,6.183669,295.3891,22.239105
29.0,21.875,0.0954887633181342,6.0295134,295.36545,22.215454
29.0,22.5,0.08836129494011366,5.938194,294.72952,21.579529
29.0,23.125,0.10356542389456792,5.795065,294.7197,21.569702
29.0,23.75,0.07764655724167836,5.655192,294.76318,21.61319
29.0,24.375,0.07516816335246958,5.5712543,294.65338,21.503387
29.0,25.0,0.06984034180641155,5.5359764,294.6033,21.453308
29.0,25.625,0.07600999994936329,5.6003585,294.83694,21.68695
29.0,26.25,0.10490866005420624,5.614206,295.14075,21.990753
29.0,26.875,0.11129153553072346,5.402356,295.55896,22.408966
29.0,27.5,0.1132731493562461,5.5087204,295.58093,22.430939
29.0,28.125,0.07678557884955392,5.8799577,294.86984,21.719849
29.0,28.75,0.06575332954525928,6.214336,294.45557,21.305573
29.0,29.375,0.04941463815170355,6.526407,294.66217,21.512177
29.0,30.0,0.06411497853696321,6.494325,294.66104,21.511047
29.0,30.625,0.2317137068279642,6.1579723,295.64005,22.490051
29.0,31.25,0.08021311089396471,6.1930027,295.7774,22.62741
29.0,31.875,0.09758905698294026,6.3395762,293.9085,20.758514
29.0,32.5,0.15728617273271264,6.6788516,294.9539,21.803894
29.0,33.125,0.15391748430430788,6.752591,296.50125,23.351257
29.0,33.75,0.13400735706090902,6.007691,291.9155,18.765503
29.0,34.375,0.16039825180787406,6.393704,293.08344,19.933441
29.0,35.0,0.17614344134926802,5.9908185,295.1089,21.958893
29.0,35.625,0.16697548600654452,5.6334476,291.3772,18.227203
29.0,36.25,0.17424242198467335,5.48775,294.5717,21.421692
29.0,36.875,0.12650204253815153,6.1178927,293.83557,20.685577
29.0,37.5,0.1292859651148321,5.8930097,294.25217,21.102173
29.0,38.125,0.1736302964186115,5.6132393,295.02063,21.870636
29.0,38.75,0.19769398868083934,5.734455,294.88528,21.73529
29.0,39.375,0.22413424628934328,5.7632155,294.54333,21.393341
29.5,19.375,0.16881440598436231,6.1177173,294.24548,21.09549
29.5,20.0,0.1984607689082614,6.1198225,294.8102,21.660217
29.5,20.625,0.16442717973355084,6.1947155,295.02386,21.87387
29.5,21.25,0.12522372603416473,6.1085515,295.1869,22.036896
29.5,21.875,0.0953071055506688,6.010682,295.0555,21.905518
29.5,22.5,0.10487184487283216,5.9339643,294.7361,21.58612
29.5,23.125,0.11013913971360702,5.7927585,294.90515,21.755157
29.5,23.75,0.108390681445598,5.6461563,294.9111,21.761108
29.5,24.375,0.08907037465879354,5.581176,294.6571,21.50711
29.5,25.0,0.10493556968867733,5.684862,294.71646,21.566467
29.5,25.625,0.12569160044141253,5.88024,294.83124,21.681244
29.5,26.25,0.17966581135988233,5.918453,294.6276,21.4776
29.5,26.875,0.1954152287367195,5.59602,295.95752,22.807526
29.5,27.5,0.13623371347784935,5.567106,295.8091,22.659119
29.5,28.125,0.11959236693049621,5.8820877,294.99316,21.84317
29.5,28.75,0.10482440888881672,6.1021895,294.18396,21.033966
29.5,29.375,0.07351974224675137,6.3806996,293.8517,20.701721
29.5,30.0,0.0981428716331717,6.493247,293.9254,20.775421
29.5,30.625,0.1662947136221194,6.3475046,295.42642,22.276428
29.5,31.25,0.11154276132583588,6.3403797,295.45917,22.309174
29.5,31.875,0.13351519999085895,6.117903,292.948,19.798004
29.5,32.5,0.18367954716086482,5.9799366,294.9409,21.790894
29.5,33.125,0.19090504698311866,6.64056,293.6306,20.480621
29.5,33.75,0.12856343388557473,5.675022,291.9298,18.779816
29.5,34.375,0.14693618959258956,5.8529963,291.9889,18.838898
29.5,35.0,0.19298994168639189,5.4769073,293.89932,20.749329
29.5,35.625,0.1861378286790572,5.575037,291.72775,18.577759
29.5,36.25,0.1456067636609079,5.5588903,293.7781,20.628113
29.5,36.875,0.1345870710586787,6.0744433,292.58072,19.430725
29.5,37.5,0.1414857618510721,5.925776,293.8313,20.681305
29.5,38.125,0.1691399904845124,5.5363965,295.03348,21.883484
29.5,38.75,0.20801755785942044,5.6248817,295.08124,21.931244
29.5,39.375,0.2351647758669195,5.7497535,294.76474,21.614746
30.0,19.375,0.40173309990041084,6.237015,294.24954,21.099548
30.0,20.0,0.3506952673196776,6.28929,294.36765,21.217651
30.0,20.625,0.2160139883393198,6.2425456,294.66977,21.519775
30.0,21.25,0.17743627727031708,6.114675,294.82642,21.676422
30.0,21.875,0.1546050681370729,6.037056,294.7712,21.621216
30.0,22.5,0.17523612082004525,5.946887,294.85275,21.702759
30.0,23.125,0.17180705125590806,5.8917117,294.8195,21.669495
30.0,23.75,0.19432525336742382,5.842903,294.68423,21.53424
30.0,24.375,0.17852408312530166,5.829009,294.39322,21.243225
30.0,25.0,0.17066517472267145,5.9566793,294.15942,21.00943
30.0,25.625,0.1587595534436568,6.1118913,294.22684,21.076843
30.0,26.25,0.1740894913673411,6.13609,294.0181,20.868103
30.0,26.875,0.19932313117570916,5.9687605,294.8618,21.711792
30.0,27.5,0.19250211864709885,5.835646,295.76608,22.616089
30.0,28.125,0.18543312110062307,5.868335,295.04803,21.89804
30.0,28.75,0.14992494881153123,5.9364266,294.45047,21.300476
30.0,29.375,0.12401856968784403,6.0853443,293.91382,20.763824
30.0,30.0,0.13476422987878384,6.158081,293.79797,20.64798
30.0,30.625,0.1179209263532835,6.065557,294.63376,21.483765
30.0,31.25,0.13002265244722366,5.919147,295.16824,22.01825
30.0,31.875,0.11154571666522947,5.5778804,293.82623,20.676239
30.0,32.5,0.15070517733693245,5.6456895,295.02667,21.876678
30.0,33.125,0.17093034054136863,5.901742,292.24057,19.090576
30.0,33.75,0.14259487390518186,5.262073,292.9211,19.771118
30.0,34.375,0.15588874981367198,5.327055,292.71274,19.562744
30.0,35.0,0.22299808263778675,5.2677503,293.65024,20.500244
30.0,35.625,0.26444037440860785,5.803009,290.28876,17.138763
30.0,36.25,0.17905692011117935,5.727141,292.70438,19.554382
30.0,36.875,0.1673012202309673,5.970181,292.90982,19.759827
30.0,37.5,0.164117455482483,5.958421,293.61383,20.463837
30.0,38.125,0.20644816862372667,5.723274,295.01196,21.861969
30.0,38.75,0.23060038685798656,5.6989098,295.19333,22.043335
30.0,39.375,0.2533152727942742,5.9585705,294.50885,21.358856
30.5,19.375,0.5370476364943882,6.328648,294.40125,21.251251
30.5,20.0,0.6104863882064802,6.4546204,294.15436,21.004364
30.5,20.625,0.3755661097696352,6.375944,294.29712,21.147125
30.5,21.25,0.22625742852687808,6.218589,294.42673,21.276733
30.5,21.875,0.18240866041975418,6.122621,294.4882,21.338196
30.5,22.5,0.22623937949538211,6.026209,294.5385,21.38852
30.5,23.125,0.23091614924408313,6.037345,294.50162,21.351624
30.5,23.75,0.2328632026910776,6.0114365,294.27313,21.123138
30.5,24.375,0.20305652575215846,6.102139,294.05554,20.905548
30.5,25.0,0.2101391181349752,6.145835,293.97574,20.825745
30.5,25.625,0.2114753280097241,6.249057,293.6549,20.504913
30.5,26.25,0.20288019627332612,6.262343,293.2134,20.063416
30.5,26.875,0.2375845481305339,6.344222,293.18353,20.033539
30.5,27.5,0.24032957479357736,6.380911,293.20078,20.050781
30.5,28.125,0.26143963325172237,6.220259,293.6316,20.481598
30.5,28.75,0.27407179027795564,6.0578504,293.90552,20.755524
30.5,29.375,0.25224156892064287,6.055468,293.66467,20.514679
30.5,30.0,0.22608644887804807,5.9748087,294.32382,21.173828
30.5,30.625,0.1466795574372682,5.816585,295.39883,22.24884
30.5,31.25,0.14954262226819975,5.681081,295.80908,22.659088
30.5,31.875,0.12448348728445476,5.412819,295.6256,22.475616
30.5,32.5,0.1303515266627081,5.5556164,294.77435,21.62436
30.5,33.125,0.1303161978259773,5.4521947,292.8603,19.710297
30.5,33.75,0.20561738312244474,5.105686,293.2322,20.082214
30.5,34.375,0.2524837519958591,5.154168,292.82642,19.676422
30.5,35.0,0.33929587900638497,5.2396793,293.97226,20.822266
30.5,35.625,0.41241353179534185,5.411845,289.79153,16.64154
30.5,36.25,0.20477909594774188,6.0982065,291.7497,18.5997
30.5,36.875,0.18446188124762458,6.13653,292.90366,19.753662
30.5,37.5,0.1850215904414651,5.995299,293.94287,20.792877
30.5,38.125,0.20457381238646077,5.810577,294.96753,21.817535
30.5,38.75,0.2516064718365675,6.021569,294.8423,21.692291
30.5,39.375,0.29354566896596007,6.2684555,294.19727,21.047272
31.0,19.375,0.5626057003582079,6.3214793,294.35443,21.204437
31.0,20.0,0.5810793638229377,6.5516286,294.18723,21.037231
31.0,20.625,0.455999693272338,6.4229207,294.06024,20.910248
31.0,21.25,0.30212758481502466,6.2499847,294.11697,20.96698
31.0,21.875,0.2585297973595278,6.1574144,294.1247,20.9747
31.0,22.5,0.26905515044927564,6.1361947,294.16772,21.01773
31.0,23.125,0.2823107572956913,6.153969,294.3022,21.152191
31.0,23.75,0.2608347535133361,6.1616364,294.0877,20.937714
31.0,24.375,0.25277255251189346,6.1840158,293.4735,20.323517
31.0,25.0,0.24090908840298556,6.2263265,293.18875,20.038757
31.0,25.625,0.29406013985908624,6.23004,292.72604,19.57605
31.0,26.25,0.31685994565486775,6.269044,292.7306,19.580597
31.0,26.875,0.3531613464757702,6.360931,292.5068,19.356812
31.0,27.5,0.4264411553740472,6.395113,293.23267,20.082672
31.0,28.125,0.4853980872841091,6.194204,293.80173,20.651733
31.0,28.75,0.5083432197570796,6.048979,294.06543,20.915436
31.0,29.375,0.58546204257524,6.079727,294.46658,21.31659
31.0,30.0,0.5552286803722356,6.0051985,294.79584,21.645844
31.0,30.625,0.3528188614110356,5.9442163,295.29407,22.144073
31.0,31.25,0.24717997014522422,5.7837796,295.50696,22.356964
31.0,31.875,0.20185415180717806,5.697142,295.69937,22.549377
31.0,32.5,0.18430083245038917,5.453669,294.95404,21.804047
31.0,33.125,0.23497670031408865,5.221274,294.20392,21.053925
31.0,33.75,0.2887772470712644,5.019036,294.15262,21.002625
31.0,34.375,0.40029439366707065,4.9711204,293.51315,20.36316
31.0,35.0,0.47717466205358383,4.8819914,293.87097,20.720978
31.0,35.625,0.5115025492062789,4.426779,292.92715,19.77716
31.0,36.25,0.2774355560541152,6.355492,291.46475,18.314758
31.0,36.875,0.2005448452336812,6.457743,293.25522,20.105225
31.0,37.5,0.20289612561464337,6.021891,294.28494,21.134949
31.0,38.125,0.19818642251129578,6.066679,294.50143,21.35144
31.0,38.75,0.2198328971862794,6.238194,294.2798,21.129791
31.0,39.375,0.2735791577459311,6.319244,293.72168,20.571686
31.5,19.375,0.5819041711425899,6.368483,294.24576,21.095764
31.5,20.0,0.7273148298263508,6.5835805,294.04565,20.89566
31.5,20.625,0.5578741970115488,6.553183,293.71158,20.561584
31.5,21.25,0.4179722368717181,6.317826,293.6761,20.526093
31.5,21.875,0.3534071550821121,6.090246,293.54193,20.391937
31.5,22.5,0.3436133414506908,6.085304,293.66855,20.518555
31.5,23.125,0.33193871798543634,6.311855,293.51752,20.367523
31.5,23.75,0.3555954396724686,6.3710923,293.2348,20.084808
31.5,24.375,0.41605647391080797,6.331978,292.88342,19.733429
31.5,25.0,0.4823509603738754,6.2589693,292.96362,19.81363
31.5,25.625,0.6014359198530094,6.071915,293.59094,20.440948
31.5,26.25,0.67054587602615,6.154826,293.52072,20.370728
31.5,26.875,0.6258983721569022,6.284487,293.91144,20.761444
31.5,27.5,0.562273770570753,6.2349606,294.20493,21.054932
31.5,28.125,0.6533498591467797,6.137679,294.3954,21.245392
31.5,28.75,0.6674086451530449,6.08227,294.43115,21.281158
31.5,29.375,0.7329993286093507,6.075682,294.47974,21.329742
31.5,30.0,0.7264273464679726,6.0715528,294.58252,21.432526
31.5,30.625,0.6521954360167233,6.086559,294.89847,21.748474
31.5,31.25,0.5017495006322829,6.0215793,295.05142,21.901428
31.5,31.875,0.44752686362815586,5.816341,295.05997,21.909973
31.5,32.5,0.5117841809987993,5.4902544,294.8472,21.697205
31.5,33.125,0.6010104239521241,5.226752,294.92627,21.776276
31.5,33.75,0.742419272661208,5.1078362,294.9172,21.767212
31.5,34.375,0.9456631083604874,4.8819494,294.80374,21.653748
31.5,35.0,0.9760524183511684,5.115022,292.91873,19.768738
31.5,35.625,0.6635653973478339,4.118266,295.74142,22.59143
31.5,36.25,0.3194696903228763,6.3035,291.61456,18.46457
31.5,36.875,0.20383744044497626,6.2271852,293.5319,20.381897
31.5,37.5,0.19123087823390975,5.949319,293.45892,20.30893
31.5,38.125,0.19681584622264067,6.094445,293.59164,20.44165
31.5,38.75,0.2162992060184479,6.2636867,293.1614,20.011414
31.5,39.375,0.23060229145119787,6.227914,293.0643,19.914307
32.0,19.375,0.6333567292722017,6.377532,294.18094,21.030945
32.0,20.0,1.0199295133352266,6.6092296,293.92755,20.777557
32.0,20.625,0.8777265899223956,6.9258556,292.73865,19.588654
32.0,21.25,0.5818535983562452,6.7149477,292.42657,19.27658
32.0,21.875,0.5045805398161842,6.4343305,292.64648,19.49649
32.0,22.5,0.41863918304443304,6.32605,292.85388,19.703888
32.0,23.125,0.4825477189999518,6.4843907,292.96643,19.816437
32.0,23.75,0.7058078050613384,6.3715796,292.98767,19.837677
32.0,24.375,0.7843553970241328,6.302019,293.18347,20.033478
32.0,25.0,0.6958584636449833,6.2376575,293.84076,20.690765
32.0,25.625,0.6094263528268448,6.098406,294.10266,20.952667
32.0,26.25,0.668292254209518,6.137776,294.13745,20.987457
32.0,26.875,0.6870690436623463,6.17901,294.22925,21.079254
32.0,27.5,0.7005932927131653,6.200848,294.27206,21.12207
32.0,28.125,0.6918668178334324,6.197092,294.29327,21.14328
32.0,28.75,0.6637998819351196,6.1634507,294.2975,21.147491
32.0,29.375,0.7744413014526134,6.10316,294.32742,21.17743
32.0,30.0,0.8164432793855667,6.0329785,294.3927,21.242706
32.0,30.625,0.8003593504777868,5.980488,294.4774,21.327393
32.0,31.25,0.7225955724716184,5.8854666,294.53348,21.383484
32.0,31.875,0.7043013339379938,5.6950126,294.63074,21.480743
32.0,32.5,0.8141921311616898,5.504489,294.7465,21.596497
32.0,33.125,0.8634921748299823,5.3396916,294.875,21.725006
32.0,33.75,0.9327385723590849,5.219567,295.00992,21.859924
32.0,34.375,0.9910532684981448,5.1615973,295.0782,21.928192
32.0,35.0,1.3841617107391346,4.960775,293.1101,19.960114
32.0,35.625,1.0308663946866474,4.387618,294.99802,21.848022
32.0,36.25,0.45122344791889096,6.1390195,291.5782,18.428192
32.0,36.875,0.2538479327109622,6.280338,293.07217,19.92218
32.0,37.5,0.20179410278797155,6.0105224,293.34402,20.19403
32.0,38.125,0.19390709077200102,5.9705863,293.45892,20.30893
32.0,38.75,0.2014110684394836,6.197554,292.68027,19.530273
32.0,39.375,0.24333485261745486,6.2158756,292.61285,19.46286
32.5,19.375,0.7797476770900393,6.320578,294.121,20.971008
32.5,20.0,0.7898502349853516,6.4483795,294.0331,20.883118
32.5,20.625,1.3971391680114258,6.6976476,292.86563,19.715637
32.5,21.25,1.357043981552124,6.857405,291.93753,18.787537
32.5,21.875,0.9575987438072465,7.180891,290.2487,17.098694
32.5,22.5,0.7929669171571732,6.997842,291.83423,18.684235
32.5,23.125,0.8739198986261486,6.683699,293.5351,20.385101
32.5,23.75,0.6588374078273773,6.4299946,293.82806,20.67807
32.5,24.375,0.7043508200858132,6.3139544,293.83762,20.687622
32.5,25.0,0.664527028799057,6.2458854,293.92963,20.779633
32.5,25.625,0.7060245933770137,6.253414,294.04156,20.891571
32.5,26.25,0.7636384665966034,6.2638702,294.12604,20.976044
32.5,26.875,0.7281303539991256,6.312293,294.17273,21.022736
32.5,27.5,0.7398898899555206,6.3441586,294.1916,21.041595
32.5,28.125,0.7034455283826279,6.3444657,294.17645,21.026459
32.5,28.75,0.6935938894748688,6.3025336,294.14813,20.998138
32.5,29.375,0.7228855897329408,6.2044168,294.17282,21.022827
32.5,30.0,0.8077792972326279,6.0704484,294.2417,21.091705
32.5,30.625,0.7376172835195142,5.957396,294.33017,21.180176
32.5,31.25,0.7462191879749298,5.827623,294.43265,21.282654
32.5,31.875,0.8247434987663784,5.71527,294.55606,21.406067
32.5,32.5,0.923040896654129,5.584078,294.6953,21.545319
32.5,33.125,0.918618340978135,5.392219,294.81216,21.66217
32.5,33.75,0.965241402387619,5.317775,294.94144,21.791443
32.5,34.375,1.0332143893570203,5.312068,295.03122,21.881226
32.5,35.0,1.6356233656406403,4.7367554,293.83282,20.68283
32.5,35.625,1.347313037694876,4.0768743,294.12436,20.974365
32.5,36.25,0.6248810291290283,5.813308,291.3732,18.223206
32.5,36.875,0.32932213936203564,6.473291,290.4142,17.264221
32.5,37.5,0.23010053113102913,5.9751277,293.11386,19.963867
32.5,38.125,0.20834707869797656,5.811902,293.25488,20.104889
32.5,38.75,0.19344943761825562,6.0447373,292.60886,19.458862
32.5,39.375,0.2695920129387792,6.1604476,292.2752,19.125214
33.0,19.375,0.8915752998748562,6.3010135,294.02728,20.877289
33.0,20.0,0.8912729769945145,6.3162446,294.03818,20.888184
33.0,20.625,0.9221412606130771,6.302554,293.98904,20.83905
33.0,21.25,1.1176614165306091,6.486141,293.5727,20.422699
33.0,21.875,1.4455450145724291,6.776661,293.44745,20.297455
33.0,22.5,1.06358003616333,6.924814,293.3513,20.201294
33.0,23.125,0.837856823006883,6.7345037,293.72083,20.570831
33.0,23.75,0.7624858021736145,6.5464077,293.6826,20.532593
33.0,24.375,0.7023940020557371,6.4769807,293.7455,20.59552
33.0,25.0,0.7116082310676575,6.4364986,293.8502,20.700195
33.0,25.625,0.7351940139616832,6.4467187,293.95523,20.805237
33.0,26.25,0.7358446419239044,6.4507456,294.03302,20.883026
33.0,26.875,0.7969516039249355,6.457893,294.06915,20.919159
33.0,27.5,0.7728822976350784,6.496801,294.06552,20.915527
33.0,28.125,0.7310761747674186,6.5071416,294.04135,20.891357
33.0,28.75,0.7733906805515289,6.4548883,294.01834,20.868347
33.0,29.375,0.8091894130659357,6.315666,294.0342,20.884216
33.0,30.0,0.7830263823270798,6.1452584,294.0943,20.944305
33.0,30.625,0.7697322245431238,5.98173,294.20316,21.053162
33.0,31.25,0.7920709252357483,5.827615,294.347,21.196991
33.0,31.875,0.8401831109936136,5.7278004,294.5017,21.351715
33.0,32.5,0.9097772985696793,5.61759,294.62592,21.475922
33.0,33.125,0.9643430247894343,5.4351497,294.73425,21.584259
33.0,33.75,0.9960004389286041,5.323004,294.8587,21.70871
33.0,34.375,1.1434811712698287,5.1953406,294.94675,21.796753
33.0,35.0,1.5766910314559937,4.709291,293.96667,20.81668
33.0,35.625,1.5826632442625337,4.744793,292.70206,19.552063
33.0,36.25,0.7516461312770844,5.8213534,292.1747,19.02472
33.0,36.875,0.3794434359998801,6.1458445,291.4667,18.316711
33.0,37.5,0.25619830191135406,5.778163,293.27805,20.128052
33.0,38.125,0.22447228962720725,5.7819705,292.54507,19.39508
33.0,38.75,0.21982652693986893,5.8795066,292.3681,19.21811
33.0,39.375,0.2747696918668625,6.0472145,292.36087,19.210876
33.5,19.375,1.040901996347514,6.3554163,293.91122,20.76123
33.5,20.0,0.977583184838295,6.3927965,293.91464,20.764648
33.5,20.625,1.051551597889035,6.379912,293.92078,20.770782
33.5,21.25,1.141127109527588,6.43544,293.89874,20.748749
33.5,21.875,1.0602190394027204,6.545425,293.8371,20.687103
33.5,22.5,1.0549677312374115,6.7571692,293.69757,20.547577
33.5,23.125,0.8782327892154846,6.7503653,293.54874,20.398743
33.5,23.75,0.7773626148700714,6.695336,293.546,20.395996
33.5,24.375,0.7346097953303088,6.5937448,293.63748,20.487488
33.5,25.0,0.7002017647027969,6.5958323,293.7598,20.609802
33.5,25.625,0.7490591160588822,6.578286,293.86624,20.716248
33.5,26.25,0.7968252599239349,6.5612903,293.92685,20.776855
33.5,26.875,0.8248973871595485,6.5756283,293.90796,20.757965
33.5,27.5,0.7757904827594757,6.6434245,293.84775,20.697754
33.5,28.125,0.7474238974493412,6.6702733,293.8386,20.688599
33.5,28.75,0.7952152192592621,6.587663,293.85196,20.701965
33.5,29.375,0.7522132278498244,6.4065137,293.88803,20.738037
33.5,30.0,0.7942877262830734,6.2008166,293.95578,20.805786
33.5,30.625,0.8053006264736825,5.9933434,294.0893,20.9393
33.5,31.25,0.9014082252979279,5.813092,294.2646,21.114594
33.5,31.875,0.8534048560562484,5.7013707,294.44168,21.291687
33.5,32.5,0.9765544384717941,5.5928397,294.55966,21.409668
33.5,33.125,1.0757262904476215,5.4911785,294.66785,21.517853
33.5,33.75,1.0586880445480347,5.330033,294.8124,21.662415
33.5,34.375,1.1159227192777044,5.0647182,294.9325,21.782501
33.5,35.0,1.5087807774543762,4.6691504,294.7624,21.612396
33.5,35.625,2.003497679752406,4.676068,290.2146,17.064606
33.5,36.25,0.9691376388072968,5.1876674,289.49304,16.343048
33.5,36.875,0.41490507690921985,4.6852293,291.8894,18.73941
33.5,37.5,0.2466571070253849,5.443817,291.86697,18.71698
33.5,38.125,0.24168265342780612,5.714329,291.7561,18.60611
33.5,38.75,0.25049418210983276,5.8419495,292.07187,18.921875
33.5,39.375,0.3047117405257879,5.945695,292.3234,19.1734
34.0,19.375,1.1863332047816073,6.4146647,293.78384,20.63385
34.0,20.0,1.153850495815277,6.474251,293.78015,20.630157
34.0,20.625,1.171901465878813,6.5034046,293.76578,20.615784
34.0,21.25,1.2225587368011475,6.5511403,293.70697,20.556976
34.0,21.875,1.1282231822817663,6.6555014,293.6166,20.466614
34.0,22.5,1.03349968791008,6.7691746,293.47098,20.320984
34.0,23.125,0.934681343122569,6.8236656,293.34464,20.194641
34.0,23.75,0.8251904249191284,6.8338504,293.40213,20.252136
34.0,24.375,0.7896680491679878,6.7902884,293.5536,20.403595
34.0,25.0,0.6874667108058929,6.695678,293.7087,20.558716
34.0,25.625,0.7461915182162151,6.747724,293.83032,20.680328
34.0,26.25,0.7321749925613403,6.5408454,293.85272,20.702728
34.0,26.875,0.7427551226656697,6.6234274,293.68695,20.536957
34.0,27.5,0.7319282442331314,6.760939,293.5041,20.354095
34.0,28.125,0.740536230092337,6.7751,293.50113,20.351135
34.0,28.75,0.7349192798137665,6.670395,293.61603,20.466034
34.0,29.375,0.7487355191398066,6.454694,293.73447,20.584473
34.0,30.0,0.7582055330276489,6.2294154,293.8469,20.6969
34.0,30.625,0.7391438124891699,5.9840837,294.0122,20.862213
34.0,31.25,0.7939719259738922,5.7705183,294.21027,21.060272
34.0,31.875,0.9363622611193911,5.5872607,294.39456,21.244568
34.0,32.5,1.0095323324203491,5.5230703,294.52484,21.374847
34.0,33.125,0.9990600344108393,5.626091,294.63406,21.48407
34.0,33.75,1.0667848587036133,5.413184,294.76923,21.619232
34.0,34.375,1.190241357244746,5.109804,294.89798,21.747986
34.0,35.0,1.5381067097187042,4.939979,295.01578,21.865784
34.0,35.625,2.307022741830874,4.4978423,292.65384,19.503845
34.0,36.25,1.5161186456680298,4.7382674,286.71585,13.565857
34.0,36.875,0.5910857034791364,4.6141534,289.43472,16.284729
34.0,37.5,0.2941620573401451,5.2577076,290.58115,17.431152
34.0,38.125,0.27622138039656047,5.465035,291.76093,18.610931
34.0,38.75,0.2952931076288223,5.6282444,291.9124,18.76242
34.0,39.375,0.34861967068761673,5.925851,292.34177,19.191772
34.5,19.375,1.2767809422951693,6.455129,293.6547,20.5047
34.5,20.0,1.3283078074455261,6.5131073,293.6407,20.490692
34.5,20.625,1.29831485199504,6.5607047,293.61115,20.461151
34.5,21.25,1.281175971031189,6.6376915,293.55072,20.400726
34.5,21.875,1.2312194967215784,6.7201657,293.43304,20.28305
34.5,22.5,1.012315884232521,6.8224554,293.2699,20.119904
34.5,23.125,1.0394160274660846,6.9153237,293.19415,20.044159
34.5,23.75,0.871486097574234,6.8295636,293.36453,20.214539
34.5,24.375,0.789765729743354,6.5416203,293.59033,20.440338
34.5,25.0,0.734481006860733,6.402898,293.77478,20.624786
34.5,25.625,0.7771015612347022,6.413415,293.8568,20.706818
34.5,26.25,0.7811498045921326,6.2623663,293.79718,20.647186
34.5,26.875,0.8223055113240476,6.7681675,293.4402,20.290192
34.5,27.5,0.7579775452613831,6.921943,293.22253,20.07254
34.5,28.125,0.6924526398194057,6.868048,293.26685,20.116852
34.5,28.75,0.6730940043926239,6.693421,293.37943,20.229431
34.5,29.375,0.697443237109306,6.4475126,293.6098,20.459808
34.5,30.0,0.7272766083478928,6.2095084,293.80844,20.658447
34.5,30.625,0.7866640317547807,5.965678,294.00595,20.855957
34.5,31.25,0.8572132289409637,5.6894145,294.2297,21.079712
34.5,31.875,0.9159280765605488,5.39358,294.41232,21.26233
34.5,32.5,1.099563479423523,5.2079167,294.4838,21.333801
34.5,33.125,1.0811907061110828,5.520125,294.20212,21.052124
34.5,33.75,0.9857023358345032,5.2545414,294.92526,21.775269
34.5,34.375,1.159863174109429,5.0646024,294.85138,21.701385
34.5,35.0,1.473559856414795,5.074215,294.92526,21.775269
34.5,35.625,2.3519537463707483,5.0403233,295.0606,21.910614
34.5,36.25,2.303583264350891,5.1130686,289.5836,16.433594
34.5,36.875,0.9541919381909986,5.4906187,290.41537,17.26538
34.5,37.5,0.37787842750549316,5.685678,290.19464,17.044647
34.5,38.125,0.382854044000861,5.7368255,291.80902,18.659027
34.5,38.75,0.37038232386112213,5.508819,292.38782,19.237823
34.5,39.375,0.4219541292477718,5.6668086,293.0011,19.851105
35.0,19.375,1.4906336050974074,6.47383,293.5227,20.372711
35.0,20.0,1.4350431561470032,6.524709,293.5128,20.362793
35.0,20.625,1.5404515093671967,6.5799646,293.48364,20.333649
35.0,21.25,1.48530513048172,6.6555185,293.43246,20.28247
35.0,21.875,1.3741064398822007,6.781535,293.3428,20.19281
35.0,22.5,1.2006810903549194,6.9418445,293.19852,20.048523
35.0,23.125,1.1641695814604354,6.9809003,293.15186,20.001862
35.0,23.75,1.204207718372345,6.7028437,293.42892,20.27893
35.0,24.375,1.3281189942508171,6.0529222,292.5265,19.376495
35.0,25.0,1.7140498161315918,6.3483925,292.35223,19.20224
35.0,25.625,1.681631638495621,6.2861843,292.66693,19.516937
35.0,26.25,1.4102619290351868,6.5394135,293.2256,20.075592
35.0,26.875,0.9677301917557868,7.1097164,293.25027,20.10028
35.0,27.5,0.7893719673156738,7.0706363,293.26144,20.11145
35.0,28.125,0.7057836688045288,6.984007,293.3165,20.166504
35.0,28.75,0.6354566514492035,6.6612372,293.3454,20.195404
35.0,29.375,0.7087881471581242,6.383857,293.62894,20.478943
35.0,30.0,0.8345560431480408,6.2079253,293.9575,20.807495
35.0,30.625,0.9582889951266311,5.957894,294.17566,21.025665
35.0,31.25,1.1079367995262146,5.611537,294.32925,21.17926
35.0,31.875,1.0994458612843356,5.1860466,294.45773,21.30774
35.0,32.5,1.665818065404892,5.0168104,292.59677,19.446777
35.0,33.125,1.5130046370964843,5.1593547,293.54007,20.390076
35.0,33.75,1.3211186528205872,4.8592854,295.11478,21.964783
35.0,34.375,1.0795620721713883,4.9208393,295.02216,21.872162
35.0,35.0,1.473463922739029,5.0012136,294.90747,21.757477
35.0,35.625,1.8469943912502647,5.3317485,294.92163,21.771637
35.0,36.25,2.5190001726150513,5.1081,292.18478,19.03479
35.0,36.875,1.347618704587477,5.400403,291.90472,18.75473
35.0,37.5,0.6694781929254532,6.0772443,290.47592,17.325928
35.0,38.125,0.4699940095199284,6.2315917,289.8925,16.742493
35.0,38.75,0.4983474910259247,6.16052,291.21872,18.068726
35.0,39.375,0.44527167601256157,6.129125,292.81622,19.66623
35.5,19.375,1.654152189610481,6.4766707,293.41364,20.263641
35.5,20.0,1.6316970884799957,6.5158343,293.40784,20.257843
35.5,20.625,1.6954852076192872,6.5692344,293.40112,20.25113
35.5,21.25,1.7928462028503418,6.6452947,293.38626,20.236267
35.5,21.875,1.6755733381817621,6.7861443,293.34543,20.195435
35.5,22.5,1.4656860530376434,6.993015,293.22458,20.074585
35.5,23.125,1.370178635871086,6.992554,293.15198,20.001984
35.5,23.75,2.7158141136169434,6.4441857,291.95346,18.803467
35.5,24.375,2.3586155937645623,6.3046703,292.58392,19.43393
35.5,25.0,1.940402090549469,6.6363716,292.6554,19.505402
35.5,25.625,1.2493664693690516,6.707298,292.60974,19.459747
35.5,26.25,1.1295758485794067,7.228575,293.10007,19.950073
35.5,26.875,1.0267754381781493,7.0947456,293.01917,19.869171
35.5,27.5,0.9641524851322174,7.247516,293.3903,20.240295
35.5,28.125,0.7830991347104072,7.004226,293.51263,20.36264
35.5,28.75,0.800116091966629,6.4792285,293.62485,20.474854
35.5,29.375,0.9189735749758562,6.223373,293.99094,20.840942
35.5,30.0,1.1357678174972534,6.178802,294.2661,21.11612
35.5,30.625,1.3956587669466454,5.8761196,294.37955,21.229553
35.5,31.25,1.3892657160758972,5.5230994,294.4379,21.287903
35.5,31.875,1.4902275190629606,5.1016397,294.5526,21.402618
35.5,32.5,1.554829329252243,5.442579,294.7178,21.56781
35.5,33.125,1.4471008080711307,5.876413,294.61954,21.469543
35.5,33.75,1.2942324876785278,5.11425,295.17676,22.026764
35.5,34.375,1.8990466717497756,4.9026875,295.22995,22.079956
35.5,35.0,1.476731389760971,5.104799,294.9511,21.801117
35.5,35.625,1.9200080089457225,5.1124797,294.3238,21.173798
35.5,36.25,2.6925805807113647,5.1134253,291.2367,18.0867
35.5,36.875,1.5343809804865451,5.263832,291.76358,18.613586
35.5,37.5,0.8348615765571594,5.908103,292.03174,18.881744
35.5,38.125,0.5587483503141863,6.202552,291.76672,18.61673
35.5,38.75,0.4597529023885727,6.2546287,292.1033,18.953308
35.5,39.375,0.4866176345836973,6.364316,291.579,18.429016
36.0,19.375,1.7899531751490827,6.466616,293.31396,20.16397
36.0,20.0,1.8707734644412994,6.485392,293.31573,20.165741
36.0,20.625,1.8908980740353805,6.5177197,293.33075,20.180756
36.0,21.25,1.8406676054000854,6.5609508,293.3329,20.182892
36.0,21.875,1.7672479858740224,6.7487097,293.31555,20.165558
36.0,22.5,1.4885779321193695,6.915071,293.2156,20.065613
36.0,23.125,1.5402356724072055,6.9830875,293.05252,19.902527
36.0,23.75,1.6452194452285767,6.8634996,292.9645,19.814514
36.0,24.375,1.4888154322663716,6.8192067,292.96744,19.817444
36.0,25.0,1.212265968322754,6.904965,292.94217,19.792175
36.0,25.625,0.9849454432105748,7.059138,292.9368,19.786804
36.0,26.25,0.9479785859584808,7.2697573,292.9295,19.77951
36.0,26.875,0.8402392597712258,7.3019047,292.9555,19.805511
36.0,27.5,1.0320985615253448,7.179957,293.22308,20.07309
36.0,28.125,1.489102181014019,6.7032666,293.77133,20.621338
36.0,28.75,1.2439273595809937,6.1022387,294.2231,21.07312
36.0,29.375,1.4395639891288303,5.2355585,294.0424,20.892395
36.0,30.0,1.7016474902629852,5.0575566,294.64813,21.498138
36.0,30.625,1.7715288290487898,5.1586394,294.70975,21.559753
36.0,31.25,1.740475058555603,5.1313515,294.67447,21.524475
36.0,31.875,1.7501347058912438,4.6825695,294.73544,21.58545
36.0,32.5,1.989378273487091,4.763998,293.71182,20.561829
36.0,33.125,1.6868527461435194,5.418247,293.97076,20.82077
36.0,33.75,1.5805408954620361,4.92353,294.97534,21.825348
36.0,34.375,1.6428337944638471,5.2062993,295.07593,21.925934
36.0,35.0,1.7414814829826355,5.269486,294.99493,21.84494
36.0,35.625,2.079217815371886,5.1657195,293.9631,20.81311
36.0,36.25,2.6496784687042236,5.092711,291.06625,17.91626
36.0,36.875,1.6708027273695045,4.8850284,291.64816,18.498169
36.0,37.5,1.0777941644191742,5.8982286,291.78622,18.63623
36.0,38.125,0.860579389052925,6.1663966,292.11026,18.960266
36.0,38.75,0.6314599215984344,5.977639,292.61053,19.46054
36.0,39.375,0.5997842226198059,5.9731426,292.64215,19.492157
36.5,19.375,1.8807827800824384,6.438735,293.20682,20.056824
36.5,20.0,2.005500167608261,6.43727,293.21567,20.065674
36.5,20.625,2.004970105216096,6.4175234,293.2227,20.072693
36.5,21.25,1.900519609451294,6.3859406,293.22076,20.07077
36.5,21.875,1.7938996483628937,6.265657,293.07483,19.924835
36.5,22.5,2.184811234474182,6.2607822,293.05185,19.901855
36.5,23.125,2.098775535196071,6.8345356,292.97678,19.826782
36.5,23.75,1.600482165813446,6.886636,292.8382,19.688202
36.5,24.375,1.305312111742695,7.109333,292.74368,19.593689
36.5,25.0,1.0639397203922272,7.2030334,292.70728,19.557281
36.5,25.625,0.9865263534815717,7.3283963,292.70135,19.551361
36.5,26.25,0.9747281074523926,7.4567795,292.772,19.62201
36.5,26.875,0.9606720540165145,7.4733806,292.94287,19.792877
36.5,27.5,1.3370907604694366,6.7659206,293.2196,20.06961
36.5,28.125,2.0011221355666042,6.1727405,293.92563,20.775635
36.5,28.75,1.845118224620819,4.784165,294.57214,21.42215
36.5,29.375,2.342710700990334,4.039374,290.4343,17.284302
36.5,30.0,2.1815969347953796,3.3994029,288.1465,14.996521
36.5,30.625,2.1135221487003015,4.5643487,293.0615,19.911499
36.5,31.25,2.066485285758972,4.6325364,294.84555,21.695557
36.5,31.875,2.5761452328958923,3.9191551,294.24426,21.094269
36.5,32.5,2.5834476351737976,4.294837,286.59714,13.447144
36.5,33.125,1.9282332149212218,4.578683,286.92935,13.779358
36.5,33.75,1.7107136249542236,4.743919,289.43515,16.285156
36.5,34.375,1.7852631782498634,5.2601047,293.1642,20.014221
36.5,35.0,1.991478681564331,5.5914516,294.69232,21.542328
36.5,35.625,2.0654363947062007,4.9235344,294.46298,21.312988
36.5,36.25,2.6120991706848145,4.586518,291.77686,18.626862
36.5,36.875,1.8372553599033106,5.4362707,290.92456,17.774567
36.5,37.5,1.1287025213241577,6.082059,291.2069,18.056915
36.5,38.125,0.9419989088848987,6.009647,291.6996,18.549591
36.5,38.75,0.8421580195426941,5.9462996,292.1131,18.963104
36.5,39.375,0.7584660445020418,5.7411814,292.40128,19.251282
37.0,19.375,1.9278993048082922,6.3936386,293.09055,19.940552
37.0,20.0,2.078655779361725,6.339836,293.0937,19.943695
37.0,20.625,1.9898272420501957,6.2702575,293.10236,19.952362
37.0,21.25,1.9720333814620972,6.0598545,293.12924,19.979248
37.0,21.875,2.2351853452079613,5.3097873,291.63376,18.483765
37.0,22.5,2.181074023246765,5.361835,289.16476,16.01477
37.0,23.125,1.8682636706527893,6.174841,292.25748,19.107483
37.0,23.75,1.496091067790985,6.7892246,292.77182,19.621826
37.0,24.375,1.3686855464031742,7.111146,292.58893,19.438934
37.0,25.0,1.4920461177825928,7.3220453,292.4156,19.265594
37.0,25.625,2.182591553805665,7.4900117,292.19766,19.047668
37.0,26.25,1.2353164553642273,7.581049,292.51706,19.367065
37.0,26.875,1.422255286858182,7.3237405,292.78497,19.63498
37.0,27.5,2.040899842977524,6.3035603,293.12277,19.972778
37.0,28.125,2.6535478725973407,5.395534,291.74435,18.59436
37.0,28.75,2.7804651260375977,4.706849,290.51712,17.367126
37.0,29.375,2.3154249528705426,4.224137,285.90012,12.750122
37.0,30.0,1.8217417001724243,3.8086839,284.38205,11.232056
37.0,30.625,1.8641907422305057,4.5591187,291.2322,18.082214
37.0,31.25,2.5047173500061035,4.820905,290.52292,17.372925
37.0,31.875,2.44727862698434,5.103717,285.763,12.613007
37.0,32.5,2.1644162237644196,4.852523,283.1626,10.012604
37.0,33.125,1.493765430202153,5.19813,284.3788,11.228821
37.0,33.75,1.361819565296173,5.7938027,282.9674,9.817413
37.0,34.375,1.7263861430230178,5.312434,285.77197,12.621979
37.0,35.0,2.0622401237487793,5.3049946,293.07602,19.926025
37.0,35.625,2.381003644346804,4.9905643,293.08948,19.939484
37.0,36.25,2.3584691286087036,4.35932,290.87225,17.72226
37.0,36.875,1.8651317486343733,4.9888926,288.94083,15.7908325
37.0,37.5,1.337720513343811,5.9945874,289.48392,16.333923
37.0,38.125,1.1712804660664335,5.8656926,290.97943,17.829437
37.0,38.75,1.078653335571289,5.7633715,291.4472,18.29721
37.0,39.375,1.0120520014549608,5.6743226,291.85266,18.702667
37.5,19.375,1.9499995048277259,6.3222413,292.97354,19.823547
37.5,20.0,2.2153578400611877,6.2287154,292.97214,19.822144
37.5,20.625,2.2775645740687622,5.9516892,292.99734,19.847351
37.5,21.25,2.31454336643219,5.526773,293.0242,19.874207
37.5,21.875,2.528662393700604,4.9809036,289.38,16.230011
37.5,22.5,2.1233693957328796,5.424213,288.24942,15.099426
37.5,23.125,1.6182844279768693,5.626445,292.04132,18.891327
37.5,23.75,1.4567983746528625,6.577794,292.72214,19.572144
37.5,24.375,1.6454793390841371,7.09379,292.31744,19.16745
37.5,25.0,1.5443032681941986,7.4769006,292.08783,18.937836
37.5,25.625,1.3676990954949932,7.5606217,291.96185,18.81186
37.5,26.25,1.6013105511665344,7.301607,292.25232,19.102325
37.5,26.875,1.6668150554173242,6.8186016,292.426,19.276001
37.5,27.5,2.280301570892334,5.4323444,291.59482,18.444824
37.5,28.125,2.5008425762198194,4.9224944,289.33502,16.185028
37.5,28.75,2.2829389572143555,4.552751,287.9184,14.768402
37.5,29.375,1.8166969448129635,4.05852,285.85278,12.702789
37.5,30.0,1.4211862683296204,4.25573,285.7476,12.597595
37.5,30.625,1.593724579596138,4.764326,286.62875,13.47876
37.5,31.25,2.134711742401123,4.6597815,284.8091,11.659119
37.5,31.875,1.9717076221525835,4.9227686,283.8633,10.713318
37.5,32.5,1.3851673901081085,4.700449,285.284,12.134003
37.5,33.125,1.0475799834366726,4.6000824,286.32532,13.1753235
37.5,33.75,1.0486575663089752,4.58745,285.5428,12.392792
37.5,34.375,1.410423716565659,4.325237,284.28918,11.139191
37.5,35.0,1.9619413316249847,3.9970415,285.56238,12.412384
37.5,35.625,2.2444031380342886,4.7662754,290.05853,16.908539
37.5,36.25,2.168840169906616,4.8360534,289.24704,16.097046
37.5,36.875,1.9326875743828678,4.5700164,288.1178,14.967804
37.5,37.5,1.5539811551570892,4.9542756,288.94406,15.794067
37.5,38.125,1.3780082955288564,5.2131133,290.6875,17.537506
37.5,38.75,1.4181103110313416,5.218469,291.1094,17.959412
37.5,39.375,1.220142086680418,5.670825,289.80716,16.657166
38.0,19.375,2.09221703646173,6.213607,292.84653,19.696533
38.0,20.0,2.193061053752899,6.0343323,292.8201,19.670105
38.0,20.625,2.95594517598131,5.4703817,292.63483,19.484833
38.0,21.25,2.7685924768447876,5.0306087,292.58017,19.430176
38.0,21.875,2.4704448430823622,4.940186,288.00476,14.854767
38.0,22.5,2.0049996078014374,4.6727414,288.48773,15.337738
38.0,23.125,1.7380799195343035,5.1461964,291.21103,18.061035
38.0,23.75,1.580666184425354,6.175545,291.43442,18.284424
38.0,24.375,1.784537303697606,6.9545455,291.65918,18.509186
38.0,25.0,1.8818688094615936,7.535457,291.65515,18.505157
38.0,25.625,1.2842800289482852,7.6519227,291.78574,18.635742
38.0,26.25,1.5493202805519104,7.375917,291.98557,18.835571
38.0,26.875,1.9895725479231297,6.7609334,292.08035,18.930359
38.0,27.5,2.2062570452690125,5.316774,290.76562,17.615631
38.0,28.125,2.1837685790598824,4.3330894,289.33133,16.181335
38.0,28.75,2.134856939315796,4.0050116,288.38297,15.232971
38.0,29.375,1.8242900436477818,4.1346874,287.772,14.622009
38.0,30.0,1.5141400694847107,4.4025555,286.46338,13.313385
38.0,30.625,1.5286716919512926,4.3467765,285.20462,12.054626
38.0,31.25,1.7895694971084595,4.838183,284.2574,11.107391
38.0,31.875,1.417909685455456,5.277424,283.7603,10.610321
38.0,32.5,1.297100305557251,5.199965,284.93866,11.788666
38.0,33.125,1.1256790973861412,5.1160464,285.68854,12.538544
38.0,33.75,1.013092577457428,5.1109324,286.02338,12.873383
38.0,34.375,1.133044498641596,4.9547453,284.2428,11.092804
38.0,35.0,1.4393036365509033,4.6650205,281.6054,8.455414
38.0,35.625,1.7254155628239634,4.8588758,283.9998,10.8497925
38.0,36.25,1.7566226720809937,4.645923,283.70044,10.550446
38.0,36.875,1.787959216774681,4.4210324,283.82797,10.6779785
38.0,37.5,1.5078305900096893,4.753715,284.32446,11.174469
38.0,38.125,1.4451745437820882,5.1711226,284.71747,11.567474
38.0,38.75,1.4663310050964355,4.86337,287.18753,14.037537
38.0,39.375,1.4418242508574295,4.739439,288.2377,15.0877075
38.5,19.375,2.201494844999948,6.124435,292.71536,19.565369
38.5,20.0,2.314844250679016,5.797468,292.66714,19.51715
38.5,20.625,3.0114901906105365,5.117509,292.5435,19.393494
38.5,21.25,3.0840094089508057,4.5482626,291.54932,18.399323
38.5,21.875,2.53802336566509,4.6875234,288.64383,15.493835
38.5,22.5,2.0025289356708527,4.280521,289.25394,16.103943
38.5,23.125,1.7222088920753824,5.0434775,290.24197,17.09198
38.5,23.75,1.7783403992652893,5.9109273,290.31735,17.167358
38.5,24.375,1.924337465142046,6.861423,291.3942,18.244202
38.5,25.0,1.717169314622879,7.5843062,291.53378,18.38379
38.5,25.625,1.4000231802614735,7.5465117,291.55933,18.409332
38.5,26.25,2.0423017144203186,7.2148027,291.5944,18.444397
38.5,26.875,2.0856314859293126,6.3324847,290.9222,17.772217
38.5,27.5,2.0758942365646362,5.4205856,290.16504,17.015045
38.5,28.125,1.9202523672791494,4.632949,288.48853,15.3385315
38.5,28.75,1.8187205791473389,4.6503205,287.77194,14.621948
38.5,29.375,1.7873852343204473,5.1882725,286.6614,13.511414
38.5,30.0,1.6553221344947815,5.296404,284.75192,11.601929
38.5,30.625,1.6081546747003952,4.808105,284.40054,11.250549
38.5,31.25,1.4259068965911865,4.582126,284.5901,11.440094
38.5,31.875,1.2255238277616691,4.996109,285.45456,12.304565
38.5,32.5,1.032223492860794,5.1279593,285.64072,12.490723
38.5,33.125,1.0291803959828854,5.1677647,286.20575,13.055756
38.5,33.75,1.0305486917495728,5.3420157,286.23965,13.089661
38.5,34.375,1.0548767782953798,5.1376286,284.75137,11.601379
38.5,35.0,1.113699346780777,4.8631573,284.2927,11.1427
38.5,35.625,1.2589516616449679,4.865807,282.7905,9.640503
38.5,36.25,1.2875148057937622,5.1717787,281.7793,8.629303
38.5,36.875,1.206448136443699,5.1767673,281.9563,8.806305
38.5,37.5,1.0964885652065277,4.9759445,283.37436,10.224365
38.5,38.125,1.1675731254333352,4.1742845,286.96317,13.813171
38.5,38.75,1.2498492002487183,3.807388,286.39075,13.240753
38.5,39.375,1.5245514615992202,3.9462373,286.91675,13.766754
39.0,19.375,2.2544947563857254,6.0967827,292.54263,19.39264
39.0,20.0,2.5604962706565857,5.5919375,292.5208,19.37082
39.0,20.625,3.102052088248018,4.5057583,291.5443,18.394318
39.0,21.25,3.06259822845459,4.220546,288.99786,15.84787
39.0,21.875,2.575438680514472,4.772374,285.98364,12.833649
39.0,22.5,1.999207317829132,4.4281216,288.84647,15.696472
39.0,23.125,1.9804147380385007,4.9317527,290.64423,17.494232
39.0,23.75,2.2897812128067017,5.7902484,291.3503,18.200317
39.0,24.375,2.0714191916642437,6.799164,291.56027,18.410278
39.0,25.0,1.7698399424552917,7.4139633,291.33328,18.183289
39.0,25.625,1.3714413994788195,7.2693515,291.3215,18.171509
39.0,26.25,1.9150360822677612,6.8327994,290.98965,17.83966
39.0,26.875,2.159370287272001,6.8646955,290.48645,17.336456
39.0,27.5,1.9523541033267975,6.5092654,288.81622,15.666229
39.0,28.125,1.9671744821366255,5.6661005,287.77982,14.629822
39.0,28.75,1.902499258518219,5.387911,285.9547,12.804718
39.0,29.375,1.9255748032391242,5.447045,284.819,11.669006
39.0,30.0,1.638734757900238,5.5558267,284.0468,10.89682
39.0,30.625,1.458922122944481,5.4168844,283.86758,10.71759
39.0,31.25,1.3740823864936829,5.0458775,284.9195,11.769501
39.0,31.875,1.2253763779974236,5.003569,285.70514,12.555145
39.0,32.5,1.1491379737854004,5.1402254,285.47342,12.323425
39.0,33.125,1.1562947007665283,5.2046604,285.67142,12.521423
39.0,33.75,1.2495298385620117,5.218997,285.36215,12.212158
39.0,34.375,1.183169857043245,5.147788,284.80548,11.655487
39.0,35.0,1.194625049829483,5.0929756,284.83463,11.684631
39.0,35.625,1.1948575207210783,5.1604443,284.0791,10.929108
39.0,36.25,1.3425382375717163,5.4442005,282.20895,9.05896
39.0,36.875,1.1545342449716274,5.8375783,281.46033,8.310333
39.0,37.5,1.1275905966758728,5.8490415,281.64908,8.499084
39.0,38.125,1.3611436443771772,5.2679315,283.3492,10.199219
39.0,38.75,1.3659409284591675,4.5863476,285.62927,12.479279
39.0,39.375,1.6750704184188747,4.485455,285.34988,12.19989
39.5,19.375,2.3571792455356095,6.027986,292.33633,19.18634
39.5,20.0,3.20833683013916,4.9085608,292.0437,18.893707
39.5,20.625,3.488842959904576,3.9550219,289.10236,15.952362
39.5,21.25,3.172720789909363,4.621406,284.39883,11.24884
39.5,21.875,2.5320522587463374,4.3418584,288.364,15.21402
39.5,22.5,1.8149709105491638,4.3733344,290.09937,16.949371
39.5,23.125,2.0299108641272534,4.8111787,290.98376,17.83377
39.5,23.75,2.4192572832107544,5.657189,291.7117,18.561707
39.5,24.375,1.9185365866763462,6.5138664,291.37817,18.22818
39.5,25.0,1.7320917546749115,7.2950864,291.20102,18.051025
39.5,25.625,1.4566485937227542,7.4122477,290.95358,17.803589
39.5,26.25,2.0712177753448486,6.975842,290.36078,17.210785
39.5,26.875,2.270792963767225,6.7879815,288.97275,15.822754
39.5,27.5,1.979032427072525,6.850382,287.32962,14.179626
39.5,28.125,1.997552488304662,6.1558704,287.32523,14.175232
39.5,28.75,1.9891956448554993,5.5170145,285.48883,12.338837
39.5,29.375,1.8864656231491526,5.2896266,284.90887,11.758881
39.5,30.0,1.7135602235794067,5.3935,284.2023,11.052307
39.5,30.625,1.4485442968838118,5.415474,284.26093,11.110931
39.5,31.25,1.3160223364830017,5.002941,284.93433,11.784332
39.5,31.875,1.3119509615535974,4.7986712,285.46368,12.31369
39.5,32.5,1.3674170970916748,5.0903153,285.1125,11.962494
39.5,33.125,1.322025039174187,5.109614,284.95303,11.80304
39.5,33.75,1.3505762815475464,5.106601,284.9367,11.786713
39.5,34.375,1.3851638461714502,5.2565703,284.644,11.494019
39.5,35.0,1.2445737421512604,5.626577,284.26477,11.114777
39.5,35.625,1.3616898324115345,5.7345586,282.84106,9.691071
39.5,36.25,1.4466376304626465,5.5547028,282.55728,9.407288
39.5,36.875,1.3841108063830234,5.461965,282.59088,9.440887
39.5,37.5,1.4248332381248474,5.2999406,281.6939,8.543915
39.5,38.125,1.4189768939033711,4.8677487,282.22522,9.075226
39.5,38.75,1.543334722518921,4.294344,282.22574,9.075745
39.5,39.375,1.7980966388099229,3.9555116,278.91782,5.7678223
40.0,19.375,2.812134367789961,5.53852,292.21948,19.069489
40.0,20.0,3.660792827606201,3.9239204,289.52652,16.376526
40.0,20.625,3.4467274729624235,3.5705628,285.56885,12.418854
40.0,21.25,2.8583552837371826,4.180673,285.01132,11.861328
40.0,21.875,2.1050555756228087,3.9145052,287.13266,13.982666
40.0,22.5,1.8466301560401917,3.8960867,287.93475,14.7847595
40.0,23.125,2.1128503923825046,4.5792165,291.36066,18.210663
40.0,23.75,1.9943819046020508,5.179956,291.38446,18.234467
40.0,24.375,1.8020653953759882,5.7533236,291.11942,17.969421
40.0,25.0,1.9313706755638123,6.8036866,290.9322,17.782196
40.0,25.625,1.7571321566388787,7.573941,290.65683,17.506836
40.0,26.25,2.2202017307281494,7.554612,289.78064,16.630646
40.0,26.875,2.152738007969094,6.9305754,287.8062,14.6562195
40.0,27.5,1.9996398985385895,6.646531,287.88095,14.730957
40.0,28.125,2.1045808421883114,6.039976,288.28537,15.135376
40.0,28.75,2.135277509689331,5.404953,286.90567,13.755676
40.0,29.375,2.252947958592236,4.6959157,284.37643,11.22644
40.0,30.0,2.043424218893051,4.6784453,285.34357,12.193573
40.0,30.625,1.866895046148002,4.479556,284.9949,11.84491
40.0,31.25,1.7898852229118347,4.235293,284.93533,11.785339
40.0,31.875,1.6855456274281393,4.2408032,285.23734,12.087341
40.0,32.5,1.5852948725223541,4.495807,284.9707,11.820709
40.0,33.125,1.5372630093494672,4.7261863,284.0884,10.938416
40.0,33.75,1.4850140810012817,4.7774982,285.15128,12.001282
40.0,34.375,1.5409628290541637,5.1605263,284.69846,11.548462
40.0,35.0,1.575179785490036,5.621288,283.4815,10.331512
40.0,35.625,1.4651527063596028,5.502969,284.03882,10.888824
40.0,36.25,1.5208148956298828,5.4416013,283.1368,9.986816
40.0,36.875,1.6267745222909837,5.5545125,281.68652,8.53653
40.0,37.5,1.83859384059906,5.2085075,280.86343,7.71344
40.0,38.125,1.950798925993303,4.7136016,280.75885,7.608856
40.0,38.75,1.83968985080719,4.4679737,280.30048,7.150482
40.0,39.375,1.8209095783504665,4.092074,279.79236,6.6423645
